﻿"Variable / Field Name","Form Name","Section Header","Field Type","Field Label","Choices, Calculations, OR Slider Labels","Field Note","Text Validation Type OR Show Slider Number","Text Validation Min","Text Validation Max",Identifier?,"Branching Logic (Show field only if...)","Required Field?","Custom Alignment","Question Number (surveys only)","Matrix Group Name","Matrix Ranking?","Field Annotation"
bfi10_instructions,big_five_inventory10,,descriptive,"<div class=""rich-text-field-label""><p><span style=""font-weight: normal;"">Adapted from Rammstedt, B. & John, O. P. (2007). Measuring personality in one minute or less: A 10 item short version of the Big Five Inventory in English and German. Journal of Research in Personality, 41, 203‐212. </span><br><br>Instructions<span style=""font-weight: normal;"">: How well do the following statements describe your personality?</span></p></div>",,,,,,,,,,,,,
bfi10_1,big_five_inventory10,"I see myself as someone who ...",radio,"1. ... is reserved","1, Disagree strongly | 2, Disagree a little | 3, Neither agree nor disagree | 4, Agree a little | 5, Agree strongly",,,,,,,y,,,bfi10,,
bfi10_2,big_five_inventory10,,radio,"2. ... is generally trusting","1, Disagree strongly | 2, Disagree a little | 3, Neither agree nor disagree | 4, Agree a little | 5, Agree strongly",,,,,,,y,,,bfi10,,
bfi10_3,big_five_inventory10,,radio,"3. ... tends to be lazy","1, Disagree strongly | 2, Disagree a little | 3, Neither agree nor disagree | 4, Agree a little | 5, Agree strongly",,,,,,,y,,,bfi10,,
bfi10_4,big_five_inventory10,,radio,"4. ... is relaxed, handles stress well","1, Disagree strongly | 2, Disagree a little | 3, Neither agree nor disagree | 4, Agree a little | 5, Agree strongly",,,,,,,y,,,bfi10,,
bfi10_5,big_five_inventory10,,radio,"5. ... has few artistic interests","1, Disagree strongly | 2, Disagree a little | 3, Neither agree nor disagree | 4, Agree a little | 5, Agree strongly",,,,,,,y,,,bfi10,,
bfi10_6,big_five_inventory10,,radio,"6. ... is outgoing, sociable","1, Disagree strongly | 2, Disagree a little | 3, Neither agree nor disagree | 4, Agree a little | 5, Agree strongly",,,,,,,y,,,bfi10,,
bfi10_7,big_five_inventory10,,radio,"7. ... tends to find fault with others","1, Disagree strongly | 2, Disagree a little | 3, Neither agree nor disagree | 4, Agree a little | 5, Agree strongly",,,,,,,y,,,bfi10,,
bfi10_8,big_five_inventory10,,radio,"8. ... does a thorough job","1, Disagree strongly | 2, Disagree a little | 3, Neither agree nor disagree | 4, Agree a little | 5, Agree strongly",,,,,,,y,,,bfi10,,
bfi10_9,big_five_inventory10,,radio,"9. ... gets nervous easily","1, Disagree strongly | 2, Disagree a little | 3, Neither agree nor disagree | 4, Agree a little | 5, Agree strongly",,,,,,,y,,,bfi10,,
bfi10_10,big_five_inventory10,,radio,"10. ... has an active imagination","1, Disagree strongly | 2, Disagree a little | 3, Neither agree nor disagree | 4, Agree a little | 5, Agree strongly",,,,,,,y,,,bfi10,,
bf10_extraversion,big_five_inventory10,,calc,Extraversion,((6-[bfi10_1])+[bfi10_5])/2,,,,,,,,,,,," @READONLY"
bfi10_agreeableness,big_five_inventory10,,calc,Agreeableness,((6-[bfi10_7])+[bfi10_2])/2,,,,,,,,,,,," @READONLY"
bfi10_conscientiousness,big_five_inventory10,,calc,Conscientiousness,((6-[bfi10_3])+[bfi10_8])/2,,,,,,,,,,,," @READONLY"
bfi10_neuroticism,big_five_inventory10,,calc,Neuroticism,((6-[bfi10_4])+[bfi10_9])/2,,,,,,,,,,,," @READONLY"
bfi10_openness,big_five_inventory10,,calc,"Openness to Experience",((6-[bfi10_5])+[bfi10_10])/2,,,,,,,,,,,," @READONLY"
rammstedt_b_john_o_p_2007,big_five_inventory10,,descriptive,"<div class=""rich-text-field-label""><p><code>Rammstedt, B. & John, O.P. (2007). Measuring personality in one minute or less: A 10-item short version of the Big Five Inventory in English and German. Journal of Research in Personality, 41, 203-212. REDCap instrument https://github.com/gh-osh/BFI-10.</code></p></div>",,,,,,,,,,,,,
